{"schemaVersion":"1.0","appDefinitionTemplate":{"id":"/providers/Microsoft.PowerApps/apps/","type":"Microsoft.PowerApps/apps","tags":{"primaryDeviceWidth":"640","primaryDeviceHeight":"1136","sienaVersion":"20220213T061744Z-3.22014.14.0","deviceCapabilities":"","supportsPortrait":"true","supportsLandscape":"true","primaryFormFactor":"Phone","publisherVersion":"3.22014.14","minimumRequiredApiVersion":"2.2.0","hasComponent":"false","hasUnlockedComponent":"false","isUnifiedRootApp":"false"},"properties":{"appVersion":"2022-02-13T06:17:44Z","lifeCycleId":"Published","createdByClientVersion":{"major":3,"minor":22014,"build":14,"revision":0,"majorRevision":0,"minorRevision":0},"minClientVersion":{"major":3,"minor":22014,"build":14,"revision":0,"majorRevision":0,"minorRevision":0},"backgroundColor":"RGBA(0,176,240,1)","backgroundImageUri":"/13489360829366449911/Nf3f9bb67-7231-488f-8237-2e9da3479821-logoSmallFile","displayName":"App","description":"","commitMessage":"","appUris":{"documentUri":{"value":"/13489360829366449911/Nf0597527-522f-40ee-ad91-2e5420d88388-document.msapp"},"imageUris":[]},"createdTime":"0001-01-01T00:00:00Z","lastModifiedTime":"0001-01-01T00:00:00Z","sharedGroupsCount":0,"sharedUsersCount":0,"icons":{"smallIconUri":"/13489360829366449911/N5de923a7-5b7a-4e12-b43b-c5c78ac469d5-small.png","mediumIconUri":"/13489360829366449911/Nacddeb65-5b5e-4a3c-aa7a-ae025fca7ada-medium.png","largeIconUri":"/13489360829366449911/Na134ca81-ab6b-413c-ae0c-338e2ec47627-large.png","wideIconUri":"/13489360829366449911/N80a3ba9c-123f-4aaa-b19c-d96a3e4a62f3-wide.png"},"connectionReferences":{"e2147069-b95a-4e7f-aeb7-a3157480f7ac":{"id":"db8fd343-04b2-4f5c-9afd-bd1621050ef9","displayName":"Excel Online (Business)","iconUri":"https://connectoricons-prod.azureedge.net/releases/v1.0.1547/1.0.1547.2676/excelonlinebusiness/icon.png","dataSources":["evtable","gastable","miles"],"dependencies":[],"dependents":[],"parameterHints":{},"parameterHintsV2":{},"isOnPremiseConnection":false,"bypassConsent":false,"dataSets":{"me,b%2521bX_1KrhcMEWGaU83v_nkZ27tBloJOK5Kt0aU97slEelgyEMLqpd2R6hxmqBF_S_r,01XFG5JZDN3T4VVMEPZFFZPVM4E4C56KF7":{"dataSources":{"evtable":{"tableName":"{4866B1A2-867B-44BC-A751-83C84CBA7757}"},"gastable":{"tableName":"{A4F613D3-A8DE-4657-8143-AE958985AEC9}"},"miles":{"tableName":"{056D71BC-35A9-4041-8843-4DB35E6A464C}"}}}},"apiTier":"Standard","isCustomApiConnection":false,"actions":["providers/PowerPlatform.Governance/Operations/Read"]}},"databaseReferences":{},"almMode":"Environment","performanceOptimizationEnabled":true,"canConsumeAppPass":true,"executionRestrictions":{"isTeamsOnly":false,"dataLossPreventionEvaluationResult":{"status":"Compliant","lastEvaluationDate":"2022-02-12T21:14:48.734597Z","violations":[],"violationsByPolicy":[],"violationErrorMessage":"The app uses the following connectors: ."}}},"appType":"ClassicCanvasApp","appComponents":[]}}